id,title_x,slug,status,language,runtime,timestamp,title_y,difficulty,topics
1853674747,Increasing Triplet Subsequence,increasing-triplet-subsequence,Accepted,python3,14 ms,1765537402,Increasing Triplet Subsequence,MEDIUM,"array,greedy"
1853673986,Increasing Triplet Subsequence,increasing-triplet-subsequence,Runtime Error,python3,,1765537319,Increasing Triplet Subsequence,MEDIUM,"array,greedy"
1852887307,The Number of Employees Which Report to Each Employee,the-number-of-employees-which-report-to-each-employee,Accepted,mysql,608 ms,1765456302,The Number of Employees Which Report to Each Employee,EASY,database
1851978553,Top Travellers,top-travellers,Accepted,mysql,736 ms,1765368197,Top Travellers,EASY,database
1851030401,Complete Prime Number,complete-prime-number,Accepted,python3,0 ms,1765279659,Complete Prime Number,MEDIUM,"math,enumeration,number-theory"
1851008442,Number of Zero-Filled Subarrays,number-of-zero-filled-subarrays,Accepted,python3,26 ms,1765277632,Number of Zero-Filled Subarrays,MEDIUM,"array,math"
1850201687,Count Square Sum Triples,count-square-sum-triples,Accepted,python3,147 ms,1765202815,Count Square Sum Triples,EASY,"math,enumeration"
1849357796,Count Odd Numbers in an Interval Range,count-odd-numbers-in-an-interval-range,Accepted,python3,41 ms,1765118596,Count Odd Numbers in an Interval Range,EASY,math
1848385117,Rotate Array,rotate-array,Accepted,python3,11 ms,1765031781,Rotate Array,MEDIUM,"array,math,two-pointers"
1848295800,Count Partitions With Max-Min Difference at Most K,count-partitions-with-max-min-difference-at-most-k,Accepted,python3,467 ms,1765023103,Count Partitions With Max-Min Difference at Most K,MEDIUM,"array,dynamic-programming,queue,sliding-window,prefix-sum,monotonic-queue"
1847577459,Customers Who Bought All Products,customers-who-bought-all-products,Accepted,mysql,524 ms,1764935932,Customers Who Bought All Products,MEDIUM,database
1847535694,Count Partitions with Even Sum Difference,count-partitions-with-even-sum-difference,Accepted,python3,0 ms,1764931346,Count Partitions with Even Sum Difference,EASY,"array,math,prefix-sum"
1847534131,Count Partitions with Even Sum Difference,count-partitions-with-even-sum-difference,Accepted,python3,0 ms,1764931182,Count Partitions with Even Sum Difference,EASY,"array,math,prefix-sum"
1845643483,Biggest Single Number,biggest-single-number,Accepted,mysql,404 ms,1764741875,Biggest Single Number,EASY,database
1845626744,Find Followers Count,find-followers-count,Accepted,mysql,568 ms,1764740530,Find Followers Count,EASY,database
1845626223,Find Followers Count,find-followers-count,Runtime Error,mysql,,1764740488,Find Followers Count,EASY,database
1845625520,Find Followers Count,find-followers-count,Wrong Answer,mysql,,1764740426,Find Followers Count,EASY,database
1845625380,Find Followers Count,find-followers-count,Wrong Answer,mysql,,1764740413,Find Followers Count,EASY,database
1844846886,Classes With at Least 5 Students,classes-with-at-least-5-students,Accepted,mysql,345 ms,1764663896,Classes With at Least 5 Students,EASY,database
1844806877,Product Sales Analysis III,product-sales-analysis-iii,Accepted,mysql,707 ms,1764660080,Product Sales Analysis III,MEDIUM,database
1844806472,Product Sales Analysis III,product-sales-analysis-iii,Wrong Answer,mysql,,1764660048,Product Sales Analysis III,MEDIUM,database
1844801021,Product Sales Analysis III,product-sales-analysis-iii,Wrong Answer,mysql,,1764659566,Product Sales Analysis III,MEDIUM,database
1844800523,Product Sales Analysis III,product-sales-analysis-iii,Wrong Answer,mysql,,1764659526,Product Sales Analysis III,MEDIUM,database
1844782967,User Activity for the Past 30 Days I,user-activity-for-the-past-30-days-i,Accepted,mysql,484 ms,1764658157,User Activity for the Past 30 Days I,EASY,database
1844749655,Number of Unique Subjects Taught by Each Teacher,number-of-unique-subjects-taught-by-each-teacher,Accepted,mysql,525 ms,1764655674,Number of Unique Subjects Taught by Each Teacher,EASY,database
1844740835,Game Play Analysis IV,game-play-analysis-iv,Accepted,mysql,519 ms,1764655013,Game Play Analysis IV,MEDIUM,database
1844738737,Game Play Analysis IV,game-play-analysis-iv,Accepted,mysql,511 ms,1764654854,Game Play Analysis IV,MEDIUM,database
1844736677,Game Play Analysis IV,game-play-analysis-iv,Accepted,mysql,493 ms,1764654696,Game Play Analysis IV,MEDIUM,database
1844022216,Immediate Food Delivery II,immediate-food-delivery-ii,Accepted,mysql,616 ms,1764581805,Immediate Food Delivery II,MEDIUM,database
1844022031,Immediate Food Delivery II,immediate-food-delivery-ii,Runtime Error,mysql,,1764581787,Immediate Food Delivery II,MEDIUM,database
1844021957,Immediate Food Delivery II,immediate-food-delivery-ii,Accepted,mysql,611 ms,1764581780,Immediate Food Delivery II,MEDIUM,database
1842461751,Monthly Transactions I,monthly-transactions-i,Accepted,mysql,587 ms,1764420077,Monthly Transactions I,MEDIUM,database
1842448285,Queries Quality and Percentage,queries-quality-and-percentage,Accepted,mysql,321 ms,1764418604,Queries Quality and Percentage,EASY,database
1842312152,Percentage of Users Attended a Contest,percentage-of-users-attended-a-contest,Accepted,mysql,1249 ms,1764403631,Percentage of Users Attended a Contest,EASY,database
1842255173,Project Employees I,project-employees-i,Accepted,mysql,568 ms,1764397812,Project Employees I,EASY,database
1842247908,Not Boring Movies,not-boring-movies,Accepted,mysql,227 ms,1764397155,Not Boring Movies,EASY,database
1841942995,Confirmation Rate,confirmation-rate,Accepted,mysql,726 ms,1764352155,Confirmation Rate,MEDIUM,database
1840900062,Contains Duplicate,contains-duplicate,Accepted,python,24 ms,1764235425,Contains Duplicate,EASY,"array,hash-table,sorting"
1840807707,Students and Examinations,students-and-examinations,Accepted,mysql,968 ms,1764225552,Students and Examinations,EASY,database
1840796281,Employee Bonus,employee-bonus,Accepted,mysql,897 ms,1764224514,Employee Bonus,EASY,database
1840793578,Employee Bonus,employee-bonus,Wrong Answer,mysql,,1764224266,Employee Bonus,EASY,database
1840786415,Average Time of Process per Machine,average-time-of-process-per-machine,Accepted,mysql,528 ms,1764223607,Average Time of Process per Machine,EASY,database
1840785152,Average Time of Process per Machine,average-time-of-process-per-machine,Wrong Answer,mysql,,1764223487,Average Time of Process per Machine,EASY,database
1840784818,Average Time of Process per Machine,average-time-of-process-per-machine,Wrong Answer,mysql,,1764223454,Average Time of Process per Machine,EASY,database
1840051630,Rising Temperature,rising-temperature,Accepted,mysql,599 ms,1764142031,Rising Temperature,EASY,database
1840027427,Customer Who Visited but Did Not Make Any Transactions,customer-who-visited-but-did-not-make-any-transactions,Accepted,mysql,1254 ms,1764139770,Customer Who Visited but Did Not Make Any Transactions,EASY,database
1839988582,Product Sales Analysis I,product-sales-analysis-i,Accepted,mysql,1088 ms,1764136585,Product Sales Analysis I,EASY,database
1839982894,Replace Employee ID With The Unique Identifier,replace-employee-id-with-the-unique-identifier,Accepted,mysql,1282 ms,1764136055,Replace Employee ID With The Unique Identifier,EASY,database
1839964763,Article Views I,article-views-i,Accepted,mysql,388 ms,1764134353,Article Views I,EASY,database
1839956746,Find Customer Referee,find-customer-referee,Accepted,mysql,507 ms,1764133594,Find Customer Referee,EASY,database
1839951326,Recyclable and Low Fat Products,recyclable-and-low-fat-products,Accepted,mysql,475 ms,1764133086,Recyclable and Low Fat Products,EASY,database
1834882331,Rising Temperature,rising-temperature,Accepted,mysql,469 ms,1763618759,Rising Temperature,EASY,database
1834476698,Product Sales Analysis I,product-sales-analysis-i,Accepted,mysql,1177 ms,1763574192,Product Sales Analysis I,EASY,database
1834471129,Replace Employee ID With The Unique Identifier,replace-employee-id-with-the-unique-identifier,Accepted,mysql,1178 ms,1763573872,Replace Employee ID With The Unique Identifier,EASY,database
1834309061,Article Views I,article-views-i,Accepted,mysql,418 ms,1763563437,Article Views I,EASY,database
1834308752,Article Views I,article-views-i,Runtime Error,mysql,,1763563415,Article Views I,EASY,database
1834307876,Article Views I,article-views-i,Wrong Answer,mysql,,1763563350,Article Views I,EASY,database
1834306704,Article Views I,article-views-i,Runtime Error,mysql,,1763563267,Article Views I,EASY,database
1834296785,Find Customer Referee,find-customer-referee,Accepted,mysql,436 ms,1763562557,Find Customer Referee,EASY,database
1834029600,Recyclable and Low Fat Products,recyclable-and-low-fat-products,Accepted,mysql,452 ms,1763540372,Recyclable and Low Fat Products,EASY,database
1821153909,Maximum Product Subarray,maximum-product-subarray,Accepted,python,11 ms,1762319437,Maximum Product Subarray,MEDIUM,"array,dynamic-programming"
1762287368,Replace Employee ID With The Unique Identifier,replace-employee-id-with-the-unique-identifier,Accepted,mysql,3542 ms,1757223808,Replace Employee ID With The Unique Identifier,EASY,database
1762285827,Replace Employee ID With The Unique Identifier,replace-employee-id-with-the-unique-identifier,Wrong Answer,mysql,,1757223704,Replace Employee ID With The Unique Identifier,EASY,database
1762285285,Replace Employee ID With The Unique Identifier,replace-employee-id-with-the-unique-identifier,Wrong Answer,mysql,,1757223669,Replace Employee ID With The Unique Identifier,EASY,database
1762284802,Replace Employee ID With The Unique Identifier,replace-employee-id-with-the-unique-identifier,Wrong Answer,mysql,,1757223638,Replace Employee ID With The Unique Identifier,EASY,database
1762283548,Replace Employee ID With The Unique Identifier,replace-employee-id-with-the-unique-identifier,Wrong Answer,mysql,,1757223559,Replace Employee ID With The Unique Identifier,EASY,database
1761701872,Invalid Tweets,invalid-tweets,Accepted,mysql,548 ms,1757177983,Invalid Tweets,EASY,database
1761697642,Article Views I,article-views-i,Accepted,mysql,365 ms,1757177745,Article Views I,EASY,database
1761692732,Big Countries,big-countries,Accepted,mysql,300 ms,1757177467,Big Countries,EASY,database
1761692535,Big Countries,big-countries,Runtime Error,mysql,,1757177456,Big Countries,EASY,database
1684826972,Find Closest Number to Zero,find-closest-number-to-zero,Accepted,python3,0 ms,1751533141,Find Closest Number to Zero,EASY,array
1684826570,Find Closest Number to Zero,find-closest-number-to-zero,Runtime Error,python3,,1751533115,Find Closest Number to Zero,EASY,array
1682965260,Zigzag Conversion,zigzag-conversion,Accepted,python3,11 ms,1751390520,Zigzag Conversion,MEDIUM,string
1682926256,Zigzag Conversion,zigzag-conversion,Accepted,python3,12 ms,1751388639,Zigzag Conversion,MEDIUM,string
1682923794,Zigzag Conversion,zigzag-conversion,Runtime Error,python3,,1751388518,Zigzag Conversion,MEDIUM,string
1681702739,Not Boring Movies,not-boring-movies,Accepted,mysql,236 ms,1751302488,Not Boring Movies,EASY,database
1680583359,Longest Palindromic Substring,longest-palindromic-substring,Accepted,python,357 ms,1751216257,Longest Palindromic Substring,MEDIUM,"two-pointers,string,dynamic-programming"
1679357527,Rank Scores,rank-scores,Accepted,mysql,1069 ms,1751119441,Rank Scores,MEDIUM,database
1679357242,Rank Scores,rank-scores,Runtime Error,mysql,,1751119420,Rank Scores,MEDIUM,database
1679356876,Rank Scores,rank-scores,Runtime Error,mysql,,1751119395,Rank Scores,MEDIUM,database
1679355816,Second Highest Salary,second-highest-salary,Accepted,mysql,242 ms,1751119316,Second Highest Salary,MEDIUM,database
1678403885,Average Selling Price,average-selling-price,Accepted,mysql,724 ms,1751036374,Average Selling Price,EASY,database
1677433545,Combine Two Tables,combine-two-tables,Accepted,mysql,385 ms,1750955531,Combine Two Tables,EASY,database
1676182058,Add Digits,add-digits,Accepted,java,0 ms,1750864192,Add Digits,EASY,"math,simulation,number-theory"
1676181909,Add Digits,add-digits,Compile Error,java,,1750864183,Add Digits,EASY,"math,simulation,number-theory"
1676181728,Add Digits,add-digits,Compile Error,java,,1750864172,Add Digits,EASY,"math,simulation,number-theory"
1675043281,Plus One,plus-one,Accepted,java,0 ms,1750778085,Plus One,EASY,"array,math"
1675043005,Plus One,plus-one,Wrong Answer,java,,1750778068,Plus One,EASY,"array,math"
1675042805,Plus One,plus-one,Wrong Answer,java,,1750778056,Plus One,EASY,"array,math"
1675042659,Plus One,plus-one,Compile Error,java,,1750778047,Plus One,EASY,"array,math"
1675042493,Plus One,plus-one,Compile Error,java,,1750778038,Plus One,EASY,"array,math"
1675042390,Plus One,plus-one,Compile Error,java,,1750778030,Plus One,EASY,"array,math"
1675042240,Plus One,plus-one,Compile Error,java,,1750778020,Plus One,EASY,"array,math"
1675042084,Plus One,plus-one,Compile Error,java,,1750778011,Plus One,EASY,"array,math"
1673866560,Reverse Integer,reverse-integer,Accepted,java,1 ms,1750692190,Reverse Integer,MEDIUM,math
1673866192,Reverse Integer,reverse-integer,Wrong Answer,java,,1750692168,Reverse Integer,MEDIUM,math
1673865976,Reverse Integer,reverse-integer,Wrong Answer,java,,1750692154,Reverse Integer,MEDIUM,math
1673865814,Reverse Integer,reverse-integer,Wrong Answer,java,,1750692144,Reverse Integer,MEDIUM,math
1673865649,Reverse Integer,reverse-integer,Compile Error,java,,1750692133,Reverse Integer,MEDIUM,math
1673865490,Reverse Integer,reverse-integer,Compile Error,java,,1750692123,Reverse Integer,MEDIUM,math
1673865281,Reverse Integer,reverse-integer,Compile Error,java,,1750692112,Reverse Integer,MEDIUM,math
1673865085,Reverse Integer,reverse-integer,Compile Error,java,,1750692100,Reverse Integer,MEDIUM,math
1672659380,Search Insert Position,search-insert-position,Accepted,java,0 ms,1750597678,Search Insert Position,EASY,"array,binary-search"
1671407389,Remove Nth Node From End of List,remove-nth-node-from-end-of-list,Accepted,java,0 ms,1750501999,Remove Nth Node From End of List,MEDIUM,"linked-list,two-pointers"
1671406988,Remove Nth Node From End of List,remove-nth-node-from-end-of-list,Accepted,java,0 ms,1750501971,Remove Nth Node From End of List,MEDIUM,"linked-list,two-pointers"
1671406474,Remove Nth Node From End of List,remove-nth-node-from-end-of-list,Wrong Answer,java,,1750501935,Remove Nth Node From End of List,MEDIUM,"linked-list,two-pointers"
1671406298,Remove Nth Node From End of List,remove-nth-node-from-end-of-list,Compile Error,java,,1750501923,Remove Nth Node From End of List,MEDIUM,"linked-list,two-pointers"
1671405451,Remove Nth Node From End of List,remove-nth-node-from-end-of-list,Compile Error,java,,1750501865,Remove Nth Node From End of List,MEDIUM,"linked-list,two-pointers"
1671404953,Remove Nth Node From End of List,remove-nth-node-from-end-of-list,Compile Error,java,,1750501832,Remove Nth Node From End of List,MEDIUM,"linked-list,two-pointers"
1670468599,Linked List Cycle,linked-list-cycle,Accepted,java,0 ms,1750419592,Linked List Cycle,EASY,"hash-table,linked-list,two-pointers"
1670468345,Linked List Cycle,linked-list-cycle,Compile Error,java,,1750419572,Linked List Cycle,EASY,"hash-table,linked-list,two-pointers"
1670468149,Linked List Cycle,linked-list-cycle,Compile Error,java,,1750419555,Linked List Cycle,EASY,"hash-table,linked-list,two-pointers"
1669501276,Confirmation Rate,confirmation-rate,Accepted,mysql,596 ms,1750343157,Confirmation Rate,MEDIUM,database
1668219876,Add Two Numbers,add-two-numbers,Accepted,java,1 ms,1750245799,Add Two Numbers,MEDIUM,"linked-list,math,recursion"
1668219265,Add Two Numbers,add-two-numbers,Runtime Error,java,,1750245752,Add Two Numbers,MEDIUM,"linked-list,math,recursion"
1668218531,Add Two Numbers,add-two-numbers,Runtime Error,java,,1750245697,Add Two Numbers,MEDIUM,"linked-list,math,recursion"
1668218200,Add Two Numbers,add-two-numbers,Compile Error,java,,1750245675,Add Two Numbers,MEDIUM,"linked-list,math,recursion"
1668217616,Add Two Numbers,add-two-numbers,Runtime Error,java,,1750245632,Add Two Numbers,MEDIUM,"linked-list,math,recursion"
1666983140,Merge Two Sorted Lists,merge-two-sorted-lists,Accepted,java,0 ms,1750152485,Merge Two Sorted Lists,EASY,"linked-list,recursion"
1666983049,Merge Two Sorted Lists,merge-two-sorted-lists,Compile Error,java,,1750152478,Merge Two Sorted Lists,EASY,"linked-list,recursion"
1666982478,Merge Two Sorted Lists,merge-two-sorted-lists,Compile Error,java,,1750152439,Merge Two Sorted Lists,EASY,"linked-list,recursion"
1666982351,Merge Two Sorted Lists,merge-two-sorted-lists,Compile Error,java,,1750152432,Merge Two Sorted Lists,EASY,"linked-list,recursion"
1666977061,Merge Two Sorted Lists,merge-two-sorted-lists,Compile Error,java,,1750152067,Merge Two Sorted Lists,EASY,"linked-list,recursion"
1666005023,Managers with at Least 5 Direct Reports,managers-with-at-least-5-direct-reports,Accepted,mysql,368 ms,1750076895,Managers with at Least 5 Direct Reports,MEDIUM,database
1666004864,Managers with at Least 5 Direct Reports,managers-with-at-least-5-direct-reports,Runtime Error,mysql,,1750076884,Managers with at Least 5 Direct Reports,MEDIUM,database
1664905245,Students and Examinations,students-and-examinations,Accepted,mysql,848 ms,1749989000,Students and Examinations,EASY,database
1664904329,Employee Bonus,employee-bonus,Accepted,mysql,1824 ms,1749988928,Employee Bonus,EASY,database
1664903420,Average Time of Process per Machine,average-time-of-process-per-machine,Accepted,mysql,252 ms,1749988858,Average Time of Process per Machine,EASY,database
1664902991,Rising Temperature,rising-temperature,Accepted,mysql,483 ms,1749988825,Rising Temperature,EASY,database
1663727407,House Robber,house-robber,Accepted,java,0 ms,1749894803,House Robber,MEDIUM,"array,dynamic-programming"
1663727231,House Robber,house-robber,Runtime Error,java,,1749894789,House Robber,MEDIUM,"array,dynamic-programming"
1663727034,House Robber,house-robber,Compile Error,java,,1749894772,House Robber,MEDIUM,"array,dynamic-programming"
1663726951,House Robber,house-robber,Compile Error,java,,1749894766,House Robber,MEDIUM,"array,dynamic-programming"
1663726809,House Robber,house-robber,Compile Error,java,,1749894755,House Robber,MEDIUM,"array,dynamic-programming"
1662724332,Reverse Prefix of Word,reverse-prefix-of-word,Accepted,java,1 ms,1749802288,Reverse Prefix of Word,EASY,"two-pointers,string,stack"
1662724095,Reverse Prefix of Word,reverse-prefix-of-word,Compile Error,java,,1749802272,Reverse Prefix of Word,EASY,"two-pointers,string,stack"
1662723893,Reverse Prefix of Word,reverse-prefix-of-word,Compile Error,java,,1749802257,Reverse Prefix of Word,EASY,"two-pointers,string,stack"
1662723730,Reverse Prefix of Word,reverse-prefix-of-word,Wrong Answer,java,,1749802244,Reverse Prefix of Word,EASY,"two-pointers,string,stack"
1662723577,Reverse Prefix of Word,reverse-prefix-of-word,Compile Error,java,,1749802233,Reverse Prefix of Word,EASY,"two-pointers,string,stack"
1661678738,Average Time of Process per Machine,average-time-of-process-per-machine,Accepted,mysql,235 ms,1749715437,Average Time of Process per Machine,EASY,database
1661677335,Average Time of Process per Machine,average-time-of-process-per-machine,Runtime Error,mysql,,1749715332,Average Time of Process per Machine,EASY,database
1661676355,Average Time of Process per Machine,average-time-of-process-per-machine,Wrong Answer,mysql,,1749715253,Average Time of Process per Machine,EASY,database
1661675917,Average Time of Process per Machine,average-time-of-process-per-machine,Runtime Error,mysql,,1749715222,Average Time of Process per Machine,EASY,database
1661674612,Average Time of Process per Machine,average-time-of-process-per-machine,Runtime Error,mysql,,1749715120,Average Time of Process per Machine,EASY,database
1661668497,Rising Temperature,rising-temperature,Accepted,mysql,465 ms,1749714668,Rising Temperature,EASY,database
1661668280,Rising Temperature,rising-temperature,Runtime Error,mysql,,1749714653,Rising Temperature,EASY,database
1661653809,Sort Array By Parity II,sort-array-by-parity-ii,Accepted,java,3 ms,1749713629,Sort Array By Parity II,EASY,"array,two-pointers,sorting"
1661653555,Sort Array By Parity II,sort-array-by-parity-ii,Compile Error,java,,1749713612,Sort Array By Parity II,EASY,"array,two-pointers,sorting"
1661653461,Sort Array By Parity II,sort-array-by-parity-ii,Compile Error,java,,1749713606,Sort Array By Parity II,EASY,"array,two-pointers,sorting"
1661653278,Sort Array By Parity II,sort-array-by-parity-ii,Compile Error,java,,1749713593,Sort Array By Parity II,EASY,"array,two-pointers,sorting"
1661653134,Sort Array By Parity II,sort-array-by-parity-ii,Compile Error,java,,1749713584,Sort Array By Parity II,EASY,"array,two-pointers,sorting"
1661652996,Sort Array By Parity II,sort-array-by-parity-ii,Compile Error,java,,1749713576,Sort Array By Parity II,EASY,"array,two-pointers,sorting"
1660696150,Customer Who Visited but Did Not Make Any Transactions,customer-who-visited-but-did-not-make-any-transactions,Accepted,mysql,1365 ms,1749636304,Customer Who Visited but Did Not Make Any Transactions,EASY,database
1660688287,Product Sales Analysis I,product-sales-analysis-i,Accepted,mysql,1255 ms,1749635740,Product Sales Analysis I,EASY,database
1660683569,Replace Employee ID With The Unique Identifier,replace-employee-id-with-the-unique-identifier,Accepted,mysql,1107 ms,1749635403,Replace Employee ID With The Unique Identifier,EASY,database
1660601434,Sort Array By Parity,sort-array-by-parity,Accepted,java,1 ms,1749629196,Sort Array By Parity,EASY,"array,two-pointers,sorting"
1660601315,Sort Array By Parity,sort-array-by-parity,Compile Error,java,,1749629188,Sort Array By Parity,EASY,"array,two-pointers,sorting"
1660601191,Sort Array By Parity,sort-array-by-parity,Compile Error,java,,1749629178,Sort Array By Parity,EASY,"array,two-pointers,sorting"
1660601089,Sort Array By Parity,sort-array-by-parity,Compile Error,java,,1749629170,Sort Array By Parity,EASY,"array,two-pointers,sorting"
1660600908,Sort Array By Parity,sort-array-by-parity,Compile Error,java,,1749629156,Sort Array By Parity,EASY,"array,two-pointers,sorting"
1659639158,Invalid Tweets,invalid-tweets,Accepted,mysql,618 ms,1749551669,Invalid Tweets,EASY,database
1659636656,Article Views I,article-views-i,Accepted,mysql,469 ms,1749551487,Article Views I,EASY,database
1659634127,Big Countries,big-countries,Accepted,mysql,314 ms,1749551300,Big Countries,EASY,database
1659631929,Find Customer Referee,find-customer-referee,Accepted,mysql,454 ms,1749551137,Find Customer Referee,EASY,database
1659626196,Recyclable and Low Fat Products,recyclable-and-low-fat-products,Accepted,mysql,535 ms,1749550719,Recyclable and Low Fat Products,EASY,database
1659624234,Reverse Vowels of a String,reverse-vowels-of-a-string,Accepted,java,3 ms,1749550574,Reverse Vowels of a String,EASY,"two-pointers,string"
1659624100,Reverse Vowels of a String,reverse-vowels-of-a-string,Compile Error,java,,1749550566,Reverse Vowels of a String,EASY,"two-pointers,string"
1659623914,Reverse Vowels of a String,reverse-vowels-of-a-string,Compile Error,java,,1749550552,Reverse Vowels of a String,EASY,"two-pointers,string"
1659623819,Reverse Vowels of a String,reverse-vowels-of-a-string,Compile Error,java,,1749550544,Reverse Vowels of a String,EASY,"two-pointers,string"
1659623721,Reverse Vowels of a String,reverse-vowels-of-a-string,Compile Error,java,,1749550537,Reverse Vowels of a String,EASY,"two-pointers,string"
1659623556,Reverse Vowels of a String,reverse-vowels-of-a-string,Compile Error,java,,1749550525,Reverse Vowels of a String,EASY,"two-pointers,string"
1659623303,Reverse Vowels of a String,reverse-vowels-of-a-string,Compile Error,java,,1749550507,Reverse Vowels of a String,EASY,"two-pointers,string"
1658633391,Faulty Keyboard,faulty-keyboard,Accepted,java,3 ms,1749473247,Faulty Keyboard,EASY,"string,simulation"
1658633273,Faulty Keyboard,faulty-keyboard,Compile Error,java,,1749473238,Faulty Keyboard,EASY,"string,simulation"
1658633093,Faulty Keyboard,faulty-keyboard,Compile Error,java,,1749473223,Faulty Keyboard,EASY,"string,simulation"
1658632960,Faulty Keyboard,faulty-keyboard,Compile Error,java,,1749473213,Faulty Keyboard,EASY,"string,simulation"
1658632741,Faulty Keyboard,faulty-keyboard,Compile Error,java,,1749473197,Faulty Keyboard,EASY,"string,simulation"
1657688238,Reverse Only Letters,reverse-only-letters,Accepted,java,0 ms,1749389650,Reverse Only Letters,EASY,"two-pointers,string"
1657688072,Reverse Only Letters,reverse-only-letters,Wrong Answer,java,,1749389637,Reverse Only Letters,EASY,"two-pointers,string"
1657687905,Reverse Only Letters,reverse-only-letters,Compile Error,java,,1749389623,Reverse Only Letters,EASY,"two-pointers,string"
1657687732,Reverse Only Letters,reverse-only-letters,Compile Error,java,,1749389610,Reverse Only Letters,EASY,"two-pointers,string"
1657687595,Reverse Only Letters,reverse-only-letters,Compile Error,java,,1749389598,Reverse Only Letters,EASY,"two-pointers,string"
1656645127,Reverse String,reverse-string,Accepted,java,0 ms,1749306299,Reverse String,EASY,"two-pointers,string"
1656645017,Reverse String,reverse-string,Compile Error,java,,1749306291,Reverse String,EASY,"two-pointers,string"
1656644729,Reverse String,reverse-string,Compile Error,java,,1749306273,Reverse String,EASY,"two-pointers,string"
1656644508,Reverse String,reverse-string,Compile Error,java,,1749306257,Reverse String,EASY,"two-pointers,string"
1655904621,Sum of Square Numbers,sum-of-square-numbers,Accepted,java,4 ms,1749231548,Sum of Square Numbers,MEDIUM,"math,two-pointers,binary-search"
1655902973,Sum of Square Numbers,sum-of-square-numbers,Compile Error,java,,1749231440,Sum of Square Numbers,MEDIUM,"math,two-pointers,binary-search"
1655901719,Sum of Square Numbers,sum-of-square-numbers,Compile Error,java,,1749231355,Sum of Square Numbers,MEDIUM,"math,two-pointers,binary-search"
1655900671,Sum of Square Numbers,sum-of-square-numbers,Compile Error,java,,1749231285,Sum of Square Numbers,MEDIUM,"math,two-pointers,binary-search"
1655900436,Sum of Square Numbers,sum-of-square-numbers,Compile Error,java,,1749231270,Sum of Square Numbers,MEDIUM,"math,two-pointers,binary-search"
1655900295,Sum of Square Numbers,sum-of-square-numbers,Compile Error,java,,1749231261,Sum of Square Numbers,MEDIUM,"math,two-pointers,binary-search"
1655804085,Boats to Save People,boats-to-save-people,Accepted,java,16 ms,1749224474,Boats to Save People,MEDIUM,"array,two-pointers,greedy,sorting"
1655803941,Boats to Save People,boats-to-save-people,Compile Error,java,,1749224463,Boats to Save People,MEDIUM,"array,two-pointers,greedy,sorting"
1655803594,Boats to Save People,boats-to-save-people,Compile Error,java,,1749224436,Boats to Save People,MEDIUM,"array,two-pointers,greedy,sorting"
1655803461,Boats to Save People,boats-to-save-people,Compile Error,java,,1749224426,Boats to Save People,MEDIUM,"array,two-pointers,greedy,sorting"
1655803280,Boats to Save People,boats-to-save-people,Compile Error,java,,1749224413,Boats to Save People,MEDIUM,"array,two-pointers,greedy,sorting"
1655803167,Boats to Save People,boats-to-save-people,Compile Error,java,,1749224404,Boats to Save People,MEDIUM,"array,two-pointers,greedy,sorting"
1655802974,Boats to Save People,boats-to-save-people,Compile Error,java,,1749224390,Boats to Save People,MEDIUM,"array,two-pointers,greedy,sorting"
1654562778,Permutations,permutations,Accepted,java,2 ms,1749114214,Permutations,MEDIUM,"array,backtracking"
1654562665,Permutations,permutations,Runtime Error,java,,1749114205,Permutations,MEDIUM,"array,backtracking"
1654561383,Permutations,permutations,Compile Error,java,,1749114095,Permutations,MEDIUM,"array,backtracking"
1654559841,Permutations,permutations,Runtime Error,java,,1749113969,Permutations,MEDIUM,"array,backtracking"
1653959814,Longest Consecutive Sequence,longest-consecutive-sequence,Accepted,java,30 ms,1749057553,Longest Consecutive Sequence,MEDIUM,"array,hash-table,union-find"
1653958898,Longest Consecutive Sequence,longest-consecutive-sequence,Compile Error,java,,1749057500,Longest Consecutive Sequence,MEDIUM,"array,hash-table,union-find"
1653958512,Longest Consecutive Sequence,longest-consecutive-sequence,Compile Error,java,,1749057480,Longest Consecutive Sequence,MEDIUM,"array,hash-table,union-find"
1652915561,Jump Game,jump-game,Accepted,java,1 ms,1748969455,Jump Game,MEDIUM,"array,dynamic-programming,greedy"
1652915399,Jump Game,jump-game,Accepted,java,1 ms,1748969444,Jump Game,MEDIUM,"array,dynamic-programming,greedy"
1652915269,Jump Game,jump-game,Wrong Answer,java,,1748969435,Jump Game,MEDIUM,"array,dynamic-programming,greedy"
1652914976,Jump Game,jump-game,Wrong Answer,java,,1748969415,Jump Game,MEDIUM,"array,dynamic-programming,greedy"
1652914665,Jump Game,jump-game,Compile Error,java,,1748969395,Jump Game,MEDIUM,"array,dynamic-programming,greedy"
1652914381,Jump Game,jump-game,Compile Error,java,,1748969372,Jump Game,MEDIUM,"array,dynamic-programming,greedy"
1651764200,Longest Repeating Character Replacement,longest-repeating-character-replacement,Accepted,java,11 ms,1748874720,Longest Repeating Character Replacement,MEDIUM,"hash-table,string,sliding-window"
1650784301,Coin Change,coin-change,Accepted,java,17 ms,1748787714,Coin Change,MEDIUM,"array,dynamic-programming,breadth-first-search"
1650784129,Coin Change,coin-change,Compile Error,java,,1748787703,Coin Change,MEDIUM,"array,dynamic-programming,breadth-first-search"
1650783813,Coin Change,coin-change,Compile Error,java,,1748787680,Coin Change,MEDIUM,"array,dynamic-programming,breadth-first-search"
1649930382,Group Anagrams,group-anagrams,Accepted,java,6 ms,1748711060,Group Anagrams,MEDIUM,"array,hash-table,string,sorting"
1648678771,Valid Parentheses,valid-parentheses,Accepted,java,2 ms,1748590680,Valid Parentheses,EASY,"string,stack"
1647945445,Longest Common Prefix,longest-common-prefix,Accepted,java,0 ms,1748521242,Longest Common Prefix,EASY,"array,string,trie"
1646719189,Climbing Stairs,climbing-stairs,Accepted,java,0 ms,1748413456,Climbing Stairs,EASY,"math,dynamic-programming,memoization"
1646719008,Climbing Stairs,climbing-stairs,Runtime Error,java,,1748413441,Climbing Stairs,EASY,"math,dynamic-programming,memoization"
1646718826,Climbing Stairs,climbing-stairs,Runtime Error,java,,1748413427,Climbing Stairs,EASY,"math,dynamic-programming,memoization"
1646718621,Climbing Stairs,climbing-stairs,Compile Error,java,,1748413413,Climbing Stairs,EASY,"math,dynamic-programming,memoization"
1646718522,Climbing Stairs,climbing-stairs,Compile Error,java,,1748413405,Climbing Stairs,EASY,"math,dynamic-programming,memoization"
1646718391,Climbing Stairs,climbing-stairs,Compile Error,java,,1748413394,Climbing Stairs,EASY,"math,dynamic-programming,memoization"
1646718204,Climbing Stairs,climbing-stairs,Compile Error,java,,1748413382,Climbing Stairs,EASY,"math,dynamic-programming,memoization"
1645631495,Find Smallest Letter Greater Than Target,find-smallest-letter-greater-than-target,Accepted,java,0 ms,1748321782,Find Smallest Letter Greater Than Target,EASY,"array,binary-search"
1645631296,Find Smallest Letter Greater Than Target,find-smallest-letter-greater-than-target,Runtime Error,java,,1748321768,Find Smallest Letter Greater Than Target,EASY,"array,binary-search"
1645631050,Find Smallest Letter Greater Than Target,find-smallest-letter-greater-than-target,Runtime Error,java,,1748321751,Find Smallest Letter Greater Than Target,EASY,"array,binary-search"
1645630816,Find Smallest Letter Greater Than Target,find-smallest-letter-greater-than-target,Time Limit Exceeded,java,,1748321735,Find Smallest Letter Greater Than Target,EASY,"array,binary-search"
1645630668,Find Smallest Letter Greater Than Target,find-smallest-letter-greater-than-target,Time Limit Exceeded,java,,1748321725,Find Smallest Letter Greater Than Target,EASY,"array,binary-search"
1645630423,Find Smallest Letter Greater Than Target,find-smallest-letter-greater-than-target,Time Limit Exceeded,java,,1748321707,Find Smallest Letter Greater Than Target,EASY,"array,binary-search"
1645029487,Find All Numbers Disappeared in an Array,find-all-numbers-disappeared-in-an-array,Accepted,java,6 ms,1748267873,Find All Numbers Disappeared in an Array,EASY,"array,hash-table"
1645029318,Find All Numbers Disappeared in an Array,find-all-numbers-disappeared-in-an-array,Compile Error,java,,1748267860,Find All Numbers Disappeared in an Array,EASY,"array,hash-table"
1643979804,Reverse Pairs,reverse-pairs,Accepted,java,78 ms,1748170573,Reverse Pairs,HARD,"array,binary-search,divide-and-conquer,binary-indexed-tree,segment-tree,merge-sort,ordered-set"
1643979694,Reverse Pairs,reverse-pairs,Compile Error,java,,1748170563,Reverse Pairs,HARD,"array,binary-search,divide-and-conquer,binary-indexed-tree,segment-tree,merge-sort,ordered-set"
1643325715,Majority Element II,majority-element-ii,Accepted,java,2 ms,1748109338,Majority Element II,MEDIUM,"array,hash-table,sorting,counting"
1643324135,Majority Element II,majority-element-ii,Compile Error,java,,1748109220,Majority Element II,MEDIUM,"array,hash-table,sorting,counting"
1641928822,Majority Element,majority-element,Accepted,java,1 ms,1747984665,Majority Element,EASY,"array,hash-table,divide-and-conquer,sorting,counting"
1641928638,Majority Element,majority-element,Compile Error,java,,1747984651,Majority Element,EASY,"array,hash-table,divide-and-conquer,sorting,counting"
1641425362,"Pow(x, n)",powx-n,Accepted,java,0 ms,1747932916,"Pow(x, n)",MEDIUM,"math,recursion"
1641425237,"Pow(x, n)",powx-n,Compile Error,java,,1747932908,"Pow(x, n)",MEDIUM,"math,recursion"
1641424780,"Pow(x, n)",powx-n,Compile Error,java,,1747932882,"Pow(x, n)",MEDIUM,"math,recursion"
1641142008,Merge Sorted Array,merge-sorted-array,Accepted,java,0 ms,1747910374,Merge Sorted Array,EASY,"array,two-pointers,sorting"
1641141694,Merge Sorted Array,merge-sorted-array,Compile Error,java,,1747910346,Merge Sorted Array,EASY,"array,two-pointers,sorting"
1640139682,Merge Intervals,merge-intervals,Accepted,java,9 ms,1747818457,Merge Intervals,MEDIUM,"array,sorting"
1640139522,Merge Intervals,merge-intervals,Compile Error,java,,1747818445,Merge Intervals,MEDIUM,"array,sorting"
1640139259,Merge Intervals,merge-intervals,Compile Error,java,,1747818424,Merge Intervals,MEDIUM,"array,sorting"
1640139009,Merge Intervals,merge-intervals,Compile Error,java,,1747818405,Merge Intervals,MEDIUM,"array,sorting"
1640138840,Merge Intervals,merge-intervals,Compile Error,java,,1747818390,Merge Intervals,MEDIUM,"array,sorting"
1640117203,Rotate Image,rotate-image,Accepted,java,0 ms,1747816541,Rotate Image,MEDIUM,"array,math,matrix"
1640116298,Rotate Image,rotate-image,Wrong Answer,java,,1747816462,Rotate Image,MEDIUM,"array,math,matrix"
1640116184,Rotate Image,rotate-image,Compile Error,java,,1747816451,Rotate Image,MEDIUM,"array,math,matrix"
1640115935,Rotate Image,rotate-image,Compile Error,java,,1747816429,Rotate Image,MEDIUM,"array,math,matrix"
1639010619,Best Time to Buy and Sell Stock III,best-time-to-buy-and-sell-stock-iii,Accepted,java,3 ms,1747722640,Best Time to Buy and Sell Stock III,HARD,"array,dynamic-programming"
1639010445,Best Time to Buy and Sell Stock III,best-time-to-buy-and-sell-stock-iii,Accepted,java,3 ms,1747722629,Best Time to Buy and Sell Stock III,HARD,"array,dynamic-programming"
1639010320,Best Time to Buy and Sell Stock III,best-time-to-buy-and-sell-stock-iii,Wrong Answer,java,,1747722620,Best Time to Buy and Sell Stock III,HARD,"array,dynamic-programming"
1639010155,Best Time to Buy and Sell Stock III,best-time-to-buy-and-sell-stock-iii,Compile Error,java,,1747722609,Best Time to Buy and Sell Stock III,HARD,"array,dynamic-programming"
1638994204,Best Time to Buy and Sell Stock II,best-time-to-buy-and-sell-stock-ii,Accepted,java,1 ms,1747721515,Best Time to Buy and Sell Stock II,MEDIUM,"array,dynamic-programming,greedy"
1638559133,Best Time to Buy and Sell Stock,best-time-to-buy-and-sell-stock,Accepted,java,1 ms,1747677905,Best Time to Buy and Sell Stock,EASY,"array,dynamic-programming"
1638558087,Best Time to Buy and Sell Stock,best-time-to-buy-and-sell-stock,Compile Error,java,,1747677845,Best Time to Buy and Sell Stock,EASY,"array,dynamic-programming"
1638557913,Best Time to Buy and Sell Stock,best-time-to-buy-and-sell-stock,Compile Error,java,,1747677835,Best Time to Buy and Sell Stock,EASY,"array,dynamic-programming"
1638557703,Best Time to Buy and Sell Stock,best-time-to-buy-and-sell-stock,Compile Error,java,,1747677822,Best Time to Buy and Sell Stock,EASY,"array,dynamic-programming"
1637478890,Next Permutation,next-permutation,Accepted,java,0 ms,1747587625,Next Permutation,MEDIUM,"array,two-pointers"
1636495016,Set Matrix Zeroes,set-matrix-zeroes,Accepted,java,1 ms,1747495407,Set Matrix Zeroes,MEDIUM,"array,hash-table,matrix"
1636494936,Set Matrix Zeroes,set-matrix-zeroes,Compile Error,java,,1747495401,Set Matrix Zeroes,MEDIUM,"array,hash-table,matrix"
1636494743,Set Matrix Zeroes,set-matrix-zeroes,Compile Error,java,,1747495388,Set Matrix Zeroes,MEDIUM,"array,hash-table,matrix"
1636494614,Set Matrix Zeroes,set-matrix-zeroes,Compile Error,java,,1747495378,Set Matrix Zeroes,MEDIUM,"array,hash-table,matrix"
1635781768,Pascal's Triangle,pascals-triangle,Accepted,java,1 ms,1747418634,Pascal's Triangle,EASY,"array,dynamic-programming"
1635781575,Pascal's Triangle,pascals-triangle,Compile Error,java,,1747418621,Pascal's Triangle,EASY,"array,dynamic-programming"
1635780717,Pascal's Triangle,pascals-triangle,Compile Error,java,,1747418561,Pascal's Triangle,EASY,"array,dynamic-programming"
1635779517,Pascal's Triangle,pascals-triangle,Wrong Answer,java,,1747418478,Pascal's Triangle,EASY,"array,dynamic-programming"
1635779052,Pascal's Triangle,pascals-triangle,Compile Error,java,,1747418449,Pascal's Triangle,EASY,"array,dynamic-programming"
1635778773,Pascal's Triangle,pascals-triangle,Compile Error,java,,1747418427,Pascal's Triangle,EASY,"array,dynamic-programming"
1635778507,Pascal's Triangle,pascals-triangle,Compile Error,java,,1747418409,Pascal's Triangle,EASY,"array,dynamic-programming"
1635778357,Pascal's Triangle,pascals-triangle,Compile Error,java,,1747418398,Pascal's Triangle,EASY,"array,dynamic-programming"
1634924215,Contains Duplicate,contains-duplicate,Accepted,java,14 ms,1747332803,Contains Duplicate,EASY,"array,hash-table,sorting"
1634921957,Single Number,single-number,Accepted,java,1 ms,1747332654,Single Number,EASY,"array,bit-manipulation"
1634921334,Missing Number,missing-number,Accepted,java,0 ms,1747332614,Missing Number,EASY,"array,hash-table,math,binary-search,bit-manipulation,sorting"
1634920124,Fruit Into Baskets,fruit-into-baskets,Accepted,java,41 ms,1747332535,Fruit Into Baskets,MEDIUM,"array,hash-table,sliding-window"
1634919939,Fruit Into Baskets,fruit-into-baskets,Compile Error,java,,1747332524,Fruit Into Baskets,MEDIUM,"array,hash-table,sliding-window"
1634919587,Fruit Into Baskets,fruit-into-baskets,Compile Error,java,,1747332499,Fruit Into Baskets,MEDIUM,"array,hash-table,sliding-window"
1634918748,Fruit Into Baskets,fruit-into-baskets,Compile Error,java,,1747332445,Fruit Into Baskets,MEDIUM,"array,hash-table,sliding-window"
1634916036,Fruit Into Baskets,fruit-into-baskets,Compile Error,java,,1747332266,Fruit Into Baskets,MEDIUM,"array,hash-table,sliding-window"
1634765657,Minimum Size Subarray Sum,minimum-size-subarray-sum,Accepted,java,1 ms,1747322314,Minimum Size Subarray Sum,MEDIUM,"array,binary-search,sliding-window,prefix-sum"
1634765341,Minimum Size Subarray Sum,minimum-size-subarray-sum,Compile Error,java,,1747322291,Minimum Size Subarray Sum,MEDIUM,"array,binary-search,sliding-window,prefix-sum"
1634765205,Minimum Size Subarray Sum,minimum-size-subarray-sum,Compile Error,java,,1747322281,Minimum Size Subarray Sum,MEDIUM,"array,binary-search,sliding-window,prefix-sum"
1633573087,Maximum Average Subarray I,maximum-average-subarray-i,Accepted,java,2 ms,1747212020,Maximum Average Subarray I,EASY,"array,sliding-window"
1633572459,Maximum Average Subarray I,maximum-average-subarray-i,Accepted,java,3 ms,1747211956,Maximum Average Subarray I,EASY,"array,sliding-window"
1633571780,Maximum Average Subarray I,maximum-average-subarray-i,Accepted,java,2 ms,1747211885,Maximum Average Subarray I,EASY,"array,sliding-window"
1633569660,Maximum Average Subarray I,maximum-average-subarray-i,Compile Error,java,,1747211672,Maximum Average Subarray I,EASY,"array,sliding-window"
1633568328,Maximum Average Subarray I,maximum-average-subarray-i,Compile Error,java,,1747211539,Maximum Average Subarray I,EASY,"array,sliding-window"
1633567984,Maximum Average Subarray I,maximum-average-subarray-i,Compile Error,java,,1747211504,Maximum Average Subarray I,EASY,"array,sliding-window"
1633567069,Maximum Average Subarray I,maximum-average-subarray-i,Compile Error,java,,1747211414,Maximum Average Subarray I,EASY,"array,sliding-window"
1633099519,3Sum,3sum,Accepted,java,30 ms,1747160227,3Sum,MEDIUM,"array,two-pointers,sorting"
1633099036,3Sum,3sum,Compile Error,java,,1747160197,3Sum,MEDIUM,"array,two-pointers,sorting"
1633098875,3Sum,3sum,Accepted,java,30 ms,1747160187,3Sum,MEDIUM,"array,two-pointers,sorting"
1632805351,Sort Colors,sort-colors,Accepted,java,0 ms,1747139748,Sort Colors,MEDIUM,"array,two-pointers,sorting"
1632803741,Sort Colors,sort-colors,Compile Error,java,,1747139606,Sort Colors,MEDIUM,"array,two-pointers,sorting"
1632803669,Sort Colors,sort-colors,Compile Error,java,,1747139600,Sort Colors,MEDIUM,"array,two-pointers,sorting"
1632803508,Sort Colors,sort-colors,Compile Error,java,,1747139583,Sort Colors,MEDIUM,"array,two-pointers,sorting"
1632803045,Sort Colors,sort-colors,Compile Error,java,,1747139537,Sort Colors,MEDIUM,"array,two-pointers,sorting"
1632143155,Is Subsequence,is-subsequence,Accepted,java,2 ms,1747073022,Is Subsequence,EASY,"two-pointers,string,dynamic-programming"
1632141851,Is Subsequence,is-subsequence,Compile Error,java,,1747072939,Is Subsequence,EASY,"two-pointers,string,dynamic-programming"
1631804075,Move Zeroes,move-zeroes,Accepted,java,1 ms,1747046220,Move Zeroes,EASY,"array,two-pointers"
1631803866,Move Zeroes,move-zeroes,Compile Error,java,,1747046199,Move Zeroes,EASY,"array,two-pointers"
1631788129,Contains Duplicate,contains-duplicate,Accepted,java,13 ms,1747044766,Contains Duplicate,EASY,"array,hash-table,sorting"
1631787511,Contains Duplicate,contains-duplicate,Compile Error,java,,1747044711,Contains Duplicate,EASY,"array,hash-table,sorting"
1631787239,Contains Duplicate,contains-duplicate,Compile Error,java,,1747044688,Contains Duplicate,EASY,"array,hash-table,sorting"
1631786980,Contains Duplicate,contains-duplicate,Compile Error,java,,1747044660,Contains Duplicate,EASY,"array,hash-table,sorting"
1631786780,Contains Duplicate,contains-duplicate,Compile Error,java,,1747044642,Contains Duplicate,EASY,"array,hash-table,sorting"
1631276631,Container With Most Water,container-with-most-water,Accepted,java,5 ms,1746987367,Container With Most Water,MEDIUM,"array,two-pointers,greedy"
1631273984,Container With Most Water,container-with-most-water,Compile Error,java,,1746987170,Container With Most Water,MEDIUM,"array,two-pointers,greedy"
1631028601,Trapping Rain Water,trapping-rain-water,Accepted,java,0 ms,1746966881,Trapping Rain Water,HARD,"array,two-pointers,dynamic-programming,stack,monotonic-stack"
1630377329,Remove Duplicates from Sorted Array II,remove-duplicates-from-sorted-array-ii,Accepted,java,0 ms,1746901721,Remove Duplicates from Sorted Array II,MEDIUM,"array,two-pointers"
1630369228,Remove Duplicates from Sorted Array,remove-duplicates-from-sorted-array,Accepted,java,0 ms,1746901105,Remove Duplicates from Sorted Array,EASY,"array,two-pointers"
1630369001,Remove Duplicates from Sorted Array,remove-duplicates-from-sorted-array,Wrong Answer,java,,1746901088,Remove Duplicates from Sorted Array,EASY,"array,two-pointers"
1630368770,Remove Duplicates from Sorted Array,remove-duplicates-from-sorted-array,Compile Error,java,,1746901071,Remove Duplicates from Sorted Array,EASY,"array,two-pointers"
1630368361,Remove Duplicates from Sorted Array,remove-duplicates-from-sorted-array,Compile Error,java,,1746901041,Remove Duplicates from Sorted Array,EASY,"array,two-pointers"
1630127855,Valid Palindrome,valid-palindrome,Accepted,java,2 ms,1746886908,Valid Palindrome,EASY,"two-pointers,string"
1595423124,Product of Array Except Self,product-of-array-except-self,Accepted,java,1 ms,1743674016,Product of Array Except Self,MEDIUM,"array,prefix-sum"
1595422300,Product of Array Except Self,product-of-array-except-self,Compile Error,java,,1743673955,Product of Array Except Self,MEDIUM,"array,prefix-sum"
1595422182,Product of Array Except Self,product-of-array-except-self,Compile Error,java,,1743673944,Product of Array Except Self,MEDIUM,"array,prefix-sum"
1595422000,Product of Array Except Self,product-of-array-except-self,Compile Error,java,,1743673929,Product of Array Except Self,MEDIUM,"array,prefix-sum"
1575940177,Largest Number At Least Twice of Others,largest-number-at-least-twice-of-others,Accepted,java,0 ms,1742147995,Largest Number At Least Twice of Others,EASY,"array,sorting"
1575939963,Largest Number At Least Twice of Others,largest-number-at-least-twice-of-others,Wrong Answer,java,,1742147982,Largest Number At Least Twice of Others,EASY,"array,sorting"
1575939788,Largest Number At Least Twice of Others,largest-number-at-least-twice-of-others,Compile Error,java,,1742147972,Largest Number At Least Twice of Others,EASY,"array,sorting"
1575938670,Largest Number At Least Twice of Others,largest-number-at-least-twice-of-others,Compile Error,java,,1742147906,Largest Number At Least Twice of Others,EASY,"array,sorting"
1575937339,Largest Number At Least Twice of Others,largest-number-at-least-twice-of-others,Compile Error,java,,1742147833,Largest Number At Least Twice of Others,EASY,"array,sorting"
1575936365,Largest Number At Least Twice of Others,largest-number-at-least-twice-of-others,Compile Error,java,,1742147781,Largest Number At Least Twice of Others,EASY,"array,sorting"
1574798457,Search in Rotated Sorted Array,search-in-rotated-sorted-array,Accepted,java,0 ms,1742062350,Search in Rotated Sorted Array,MEDIUM,"array,binary-search"
1574798236,Search in Rotated Sorted Array,search-in-rotated-sorted-array,Compile Error,java,,1742062337,Search in Rotated Sorted Array,MEDIUM,"array,binary-search"
1574796855,Search in Rotated Sorted Array,search-in-rotated-sorted-array,Compile Error,java,,1742062247,Search in Rotated Sorted Array,MEDIUM,"array,binary-search"
1574795436,Search in Rotated Sorted Array,search-in-rotated-sorted-array,Compile Error,java,,1742062164,Search in Rotated Sorted Array,MEDIUM,"array,binary-search"
1574794386,Search in Rotated Sorted Array,search-in-rotated-sorted-array,Compile Error,java,,1742062099,Search in Rotated Sorted Array,MEDIUM,"array,binary-search"
1574793560,Search in Rotated Sorted Array,search-in-rotated-sorted-array,Compile Error,java,,1742062049,Search in Rotated Sorted Array,MEDIUM,"array,binary-search"
1574793208,Search in Rotated Sorted Array,search-in-rotated-sorted-array,Compile Error,java,,1742062025,Search in Rotated Sorted Array,MEDIUM,"array,binary-search"
1574792675,Search in Rotated Sorted Array,search-in-rotated-sorted-array,Compile Error,java,,1742061994,Search in Rotated Sorted Array,MEDIUM,"array,binary-search"
1574791736,Search in Rotated Sorted Array,search-in-rotated-sorted-array,Compile Error,java,,1742061939,Search in Rotated Sorted Array,MEDIUM,"array,binary-search"
1574790817,Search in Rotated Sorted Array,search-in-rotated-sorted-array,Compile Error,java,,1742061884,Search in Rotated Sorted Array,MEDIUM,"array,binary-search"
1573796280,Bulb Switcher,bulb-switcher,Accepted,java,0 ms,1741976355,Bulb Switcher,MEDIUM,"math,brainteaser"
1573793106,Bulb Switcher,bulb-switcher,Wrong Answer,java,,1741976169,Bulb Switcher,MEDIUM,"math,brainteaser"
1573792951,Bulb Switcher,bulb-switcher,Compile Error,java,,1741976161,Bulb Switcher,MEDIUM,"math,brainteaser"
1573792758,Bulb Switcher,bulb-switcher,Compile Error,java,,1741976149,Bulb Switcher,MEDIUM,"math,brainteaser"
1572796074,Two Sum II - Input Array Is Sorted,two-sum-ii-input-array-is-sorted,Accepted,java,2 ms,1741890515,Two Sum II - Input Array Is Sorted,MEDIUM,"array,two-pointers,binary-search"
1572795873,Two Sum II - Input Array Is Sorted,two-sum-ii-input-array-is-sorted,Compile Error,java,,1741890503,Two Sum II - Input Array Is Sorted,MEDIUM,"array,two-pointers,binary-search"
1572795631,Two Sum II - Input Array Is Sorted,two-sum-ii-input-array-is-sorted,Compile Error,java,,1741890490,Two Sum II - Input Array Is Sorted,MEDIUM,"array,two-pointers,binary-search"
1570596693,Squares of a Sorted Array,squares-of-a-sorted-array,Accepted,java,1 ms,1741718373,Squares of a Sorted Array,EASY,"array,two-pointers,sorting"
1570588008,Squares of a Sorted Array,squares-of-a-sorted-array,Accepted,java,1 ms,1741717850,Squares of a Sorted Array,EASY,"array,two-pointers,sorting"
1570563301,Remove Element,remove-element,Accepted,java,0 ms,1741716510,Remove Element,EASY,"array,two-pointers"
1570562907,Remove Element,remove-element,Compile Error,java,,1741716490,Remove Element,EASY,"array,two-pointers"
1570562223,Remove Element,remove-element,Compile Error,java,,1741716455,Remove Element,EASY,"array,two-pointers"
1570561356,Remove Element,remove-element,Compile Error,java,,1741716411,Remove Element,EASY,"array,two-pointers"
1570560834,Remove Element,remove-element,Compile Error,java,,1741716385,Remove Element,EASY,"array,two-pointers"
1557427465,Find the Duplicate Number,find-the-duplicate-number,Accepted,java,5 ms,1740679294,Find the Duplicate Number,MEDIUM,"array,two-pointers,binary-search,bit-manipulation"
1556352563,Kth Largest Element in an Array,kth-largest-element-in-an-array,Accepted,java,66 ms,1740592503,Kth Largest Element in an Array,MEDIUM,"array,divide-and-conquer,sorting,heap-priority-queue,quickselect"
1552571590,Binary Search,binary-search,Accepted,java,0 ms,1740295179,Binary Search,EASY,"array,binary-search"
1547727168,Find Target Indices After Sorting Array,find-target-indices-after-sorting-array,Accepted,java,0 ms,1739903116,Find Target Indices After Sorting Array,EASY,"array,binary-search,sorting"
1547726833,Find Target Indices After Sorting Array,find-target-indices-after-sorting-array,Compile Error,java,,1739903100,Find Target Indices After Sorting Array,EASY,"array,binary-search,sorting"
1547725486,Find Target Indices After Sorting Array,find-target-indices-after-sorting-array,Compile Error,java,,1739903029,Find Target Indices After Sorting Array,EASY,"array,binary-search,sorting"
1547718631,Frequency of the Most Frequent Element,frequency-of-the-most-frequent-element,Compile Error,java,,1739902675,Frequency of the Most Frequent Element,MEDIUM,"array,binary-search,greedy,sliding-window,sorting,prefix-sum"
1524334180,Single Number,single-number,Accepted,java,1 ms,1738156159,Single Number,EASY,"array,bit-manipulation"
1523482376,Maximum Product Subarray,maximum-product-subarray,Accepted,java,1 ms,1738083691,Maximum Product Subarray,MEDIUM,"array,dynamic-programming"
1523481338,Maximum Product Subarray,maximum-product-subarray,Wrong Answer,java,,1738083639,Maximum Product Subarray,MEDIUM,"array,dynamic-programming"
1523473986,Maximum Product Subarray,maximum-product-subarray,Wrong Answer,java,,1738083267,Maximum Product Subarray,MEDIUM,"array,dynamic-programming"
1523473740,Maximum Product Subarray,maximum-product-subarray,Compile Error,java,,1738083254,Maximum Product Subarray,MEDIUM,"array,dynamic-programming"
1523473573,Maximum Product Subarray,maximum-product-subarray,Compile Error,java,,1738083245,Maximum Product Subarray,MEDIUM,"array,dynamic-programming"
1523473206,Maximum Product Subarray,maximum-product-subarray,Compile Error,java,,1738083227,Maximum Product Subarray,MEDIUM,"array,dynamic-programming"
1522387498,Maximum Subarray,maximum-subarray,Accepted,java,1 ms,1737998802,Maximum Subarray,MEDIUM,"array,divide-and-conquer,dynamic-programming"
1521319539,Longest Substring Without Repeating Characters,longest-substring-without-repeating-characters,Accepted,java,7 ms,1737912856,Longest Substring Without Repeating Characters,MEDIUM,"hash-table,string,sliding-window"
1521319311,Longest Substring Without Repeating Characters,longest-substring-without-repeating-characters,Compile Error,java,,1737912843,Longest Substring Without Repeating Characters,MEDIUM,"hash-table,string,sliding-window"
1520231893,Find First and Last Position of Element in Sorted Array,find-first-and-last-position-of-element-in-sorted-array,Accepted,java,0 ms,1737825943,Find First and Last Position of Element in Sorted Array,MEDIUM,"array,binary-search"
1520230232,Find First and Last Position of Element in Sorted Array,find-first-and-last-position-of-element-in-sorted-array,Compile Error,java,,1737825852,Find First and Last Position of Element in Sorted Array,MEDIUM,"array,binary-search"
1520229646,Find First and Last Position of Element in Sorted Array,find-first-and-last-position-of-element-in-sorted-array,Compile Error,java,,1737825819,Find First and Last Position of Element in Sorted Array,MEDIUM,"array,binary-search"
1520228651,Find First and Last Position of Element in Sorted Array,find-first-and-last-position-of-element-in-sorted-array,Compile Error,java,,1737825762,Find First and Last Position of Element in Sorted Array,MEDIUM,"array,binary-search"
1519333326,Count Servers that Communicate,count-servers-that-communicate,Accepted,java,2 ms,1737742819,Count Servers that Communicate,MEDIUM,"array,depth-first-search,breadth-first-search,union-find,matrix,counting"
1519325882,Count Servers that Communicate,count-servers-that-communicate,Runtime Error,java,,1737742389,Count Servers that Communicate,MEDIUM,"array,depth-first-search,breadth-first-search,union-find,matrix,counting"
1519325626,Count Servers that Communicate,count-servers-that-communicate,Compile Error,java,,1737742374,Count Servers that Communicate,MEDIUM,"array,depth-first-search,breadth-first-search,union-find,matrix,counting"
1519325108,Count Servers that Communicate,count-servers-that-communicate,Compile Error,java,,1737742344,Count Servers that Communicate,MEDIUM,"array,depth-first-search,breadth-first-search,union-find,matrix,counting"
1519324937,Count Servers that Communicate,count-servers-that-communicate,Compile Error,java,,1737742335,Count Servers that Communicate,MEDIUM,"array,depth-first-search,breadth-first-search,union-find,matrix,counting"
1519324263,Count Servers that Communicate,count-servers-that-communicate,Compile Error,java,,1737742293,Count Servers that Communicate,MEDIUM,"array,depth-first-search,breadth-first-search,union-find,matrix,counting"
1518288997,To Lower Case,to-lower-case,Accepted,java,0 ms,1737656724,To Lower Case,EASY,string
1454525293,Missing Number,missing-number,Accepted,java,0 ms,1731778827,Missing Number,EASY,"array,hash-table,math,binary-search,bit-manipulation,sorting"
1453736285,Maximum Product of Two Elements in an Array,maximum-product-of-two-elements-in-an-array,Accepted,java,0 ms,1731695295,Maximum Product of Two Elements in an Array,EASY,"array,sorting,heap-priority-queue"
1452848111,Add to Array-Form of Integer,add-to-array-form-of-integer,Accepted,java,3 ms,1731608268,Add to Array-Form of Integer,EASY,"array,math"
1451697643,Water Bottles,water-bottles,Accepted,java,0 ms,1731510934,Water Bottles,EASY,"math,simulation"
1451696811,Water Bottles,water-bottles,Accepted,java,0 ms,1731510878,Water Bottles,EASY,"math,simulation"
1450728463,N-th Tribonacci Number,n-th-tribonacci-number,Accepted,java,0 ms,1731426933,N-th Tribonacci Number,EASY,"math,dynamic-programming,memoization"
1450710143,N-th Tribonacci Number,n-th-tribonacci-number,Accepted,java,0 ms,1731425728,N-th Tribonacci Number,EASY,"math,dynamic-programming,memoization"
1450682914,Fibonacci Number,fibonacci-number,Accepted,java,0 ms,1731423880,Fibonacci Number,EASY,"math,dynamic-programming,recursion,memoization"
1449595153,Power of Two,power-of-two,Accepted,java,0 ms,1731334027,Power of Two,EASY,"math,bit-manipulation,recursion"
1449566637,Palindrome Number,palindrome-number,Accepted,java,5 ms,1731331910,Palindrome Number,EASY,math
1377747911,Two Sum,two-sum,Accepted,python3,1712 ms,1725372725,Two Sum,EASY,"array,hash-table"
1377746718,Two Sum,two-sum,Runtime Error,python,,1725372657,Two Sum,EASY,"array,hash-table"
1373931225,Two Sum,two-sum,Runtime Error,python,,1725089839,Two Sum,EASY,"array,hash-table"
1373927457,Two Sum,two-sum,Runtime Error,python,,1725089529,Two Sum,EASY,"array,hash-table"
1373923919,Two Sum,two-sum,Runtime Error,python,,1725089237,Two Sum,EASY,"array,hash-table"
1373922639,Two Sum,two-sum,Runtime Error,python,,1725089134,Two Sum,EASY,"array,hash-table"
1373922402,Two Sum,two-sum,Runtime Error,python,,1725089111,Two Sum,EASY,"array,hash-table"
1373917771,Two Sum,two-sum,Runtime Error,python,,1725088733,Two Sum,EASY,"array,hash-table"
1373917561,Two Sum,two-sum,Runtime Error,python,,1725088715,Two Sum,EASY,"array,hash-table"
1373917110,Two Sum,two-sum,Runtime Error,python,,1725088680,Two Sum,EASY,"array,hash-table"
